{"cameraMode":{"drawMode":0,"name":"Shaded","section":"Shading Mode"},"sceneLighting":true,"audioPlay":false,"sceneViewState":{"showFog":true,"showMaterialUpdate":false,"showSkybox":true,"showFlares":true,"showImageEffects":true,"showParticleSystems":true},"in2DMode":false,"pivot":{"x":-2.3094396591186525,"y":8.664445877075196,"z":-4.198068618774414},"rotation":{"x":-0.3712673485279083,"y":0.2028961181640625,"z":-0.08321751654148102,"w":-0.9022575616836548},"size":31.347362518310548,"orthographic":false}